"","SEARCH -Недвижими имоти ","","","","","","","","","","","","","","","","","",""
"","SEARCH","Тип","Лакация","","","Имот","Стай","Етажност","","Обзавеждане","Отопление","Строителство","Статут","Статус","Особености","Цяла Площ","","Цена",""
"","Недвижими имоти","All","All","All","All","All","All","All","All","All","All","All","All","All","All","All","All","All","All"
"","Продава","Застроени имоти","Област","Град","Квартал","Апартамент","1","Таван","1 -ви","Обзаведен","ТЕЦ","Тухла - нова","В експлоатация","Нов имот","Басейн","от","до","от","до"
"","Поднаем","Земи и Парцели","","","","Къща","2","Сутерен","2 -ри","Необзаведен","ВЕЦ","Тухла - стара","В строеж","Употребяван имот","СПА","","","",""
"","Настаняване","","","","","Етаж от къща","3","Партер","3 -ти","Полуобзаведен","Локално","Панел ","В проект","","Асансьор","","","",""
"","","","","","","Магазин","4","1 -ви","4 -ти","Лукс обзаведен","Климатици","ЕПК / ПК ","","","Рецепция","","","",""
"","","","","","","Бар","5","2 -ри","5 -ти","","","Гредоред","","","Охрана","","","",""
"","","","","","","Дискорека","5 +","3 -ти","6 -ти","","","Друго","","","Детска площадка","","","",""
"","","","","","","","Ателие","4 -ти","7 -ми","","","","","","Ресторант","","","",""
"","","","","","","","Мезонет","5 -ти","8- ми","","","","","","Джакузи","","","",""
"","","","","","","","","6 -ти","9 -ти","","","","","","Фирнес зала","","","",""
"","","","","","","","","7 -ми","10 -ти","","","","","","Медицински кабинет","","","",""
"","","","","","","","","8- ми","11 -ти","","","","","","Парко място ","","","",""
"","","","","","","","","9 -ти","12 - ти","","","","","","Гараж","","","",""
"","","","","","","","","10 -ти","13 -ти","","","","","","басейн","","","",""
"","","","","","","","","","","","","","",""," асансьор","","","",""
"",""," ","","","","","","","","","","","",""," паркинг","","","",""
"","","","","","","","","","","","","","",""," Гараж","","","",""
"","","","","","","","","","","","","","",""," Охрана","","","",""
"","","","","","","","","","","","","","",""," телевизия","","","",""
"","","","","","","","","","","","","","",""," климатик","","","",""
"","","","","","","","","","","","","","",""," интернет","","","",""
"","","","","","","","","","","","","","",""," ресторант","","","",""
"","","","","","","","","","","","","","",""," рецепция","","","",""
"","","","","","","","","","","","","","",""," градина","","","",""
"","","","","","","","","","","","","","",""," детски кът","","","",""
"","","","","","","","","","","","","","",""," мини голф","","","",""
"","","","","","","","","","","","","","",""," СПА център","","","",""
"","","","","","","","","","","","","","",""," фризьорски салон","","","",""
"","","","","","","","","","","","","","",""," масажен салон","","","",""
"","","","","","","","","","","","","","",""," джакузи","","","",""
"","","","","","","","","","","","","","",""," зона за почивка","","","",""
"","","","","","","","","","","","","","",""," кафе","","","",""
"","","","","","","","","","","","","","",""," лоби бар","","","",""
"","","","","","","","","","","","","","",""," мокър бар","","","",""
"","","","","","","","","","","","","","",""," нощен клуб","","","",""
"","","","","","","","","","","","","","",""," боулинг","","","",""
"","","","","","","","","","","","","","",""," магазин","","","",""
"","","","","","","","","","","","","","",""," бутик","","","",""
"","","","","","","","","","","","","","",""," барбекю","","","",""
"","","","","","","","","","","","","","",""," фитнес салон","","","",""
"","","","","","","","","","","","","","",""," офиси","","","",""
"","","","","","","","","","","","","","",""," пералня","","","",""
"","","","","","","","","","","","","","",""," книжарница","","","",""
"","","","","","","","","","","","","","",""," конферентна зала","","","",""
"","","","","","","","","","","","","","",""," химическо чистене","","","",""
"","","","","","","","","","","","","","",""," медицински кабинет","","","",""
"","","","","","","","","","","","","","",""," обменно бюро","","","",""
"","","","","","","","","","","","","","",""," ски асансьор","","","",""
"","","","","","","","","","","","","","",""," ски гардероб","","","",""
"","","","","","","","","","","","","","",""," баскетболно игрище","","","",""
"","","","","","","","","","","","","","",""," футболно игрище","","","",""
"","","","","","","","","","","","","","",""," волейболно игрище","","","",""
"","","","","","","","","","","","","","","","","","","",""
"","","","","","","","","","","","","","","","","","","",""
"","","","","","","","","","","","","","","","","","","",""
"","","","","","","","","","","","","","","","","","","",""
"","","","","","","","","","","","","","","","","","","",""
"","","","","","","","","","","","","","","","","","","",""
"","","","","","","","","","","","","","","","","","","",""
"","","","","","","","","","","","","","","","","","","",""
"","","","","","","","","","","","","","","","","","","",""
"","","","","","","","","","","","","","","","","","","",""
"","","","","","","","","","","","","","","","","","","",""
"","","","","","","","","","","","","","","","","","","",""
"","","","","","","","","","","","","","","","","","","",""
"","","","","","","","","","","","","","","","","","","",""
"","","","","","","","","","","","","","","","","","","",""
"","","","","","","","","","","","","","","","","","","",""
"","","","","","","","","","","","","","","","","","","",""
"","","","","","","","","","","","","","","","","","","",""
"","","","","","","","","","","","","","","","","","","",""
"","","","","","","","","","","","","","","","","","","",""
"","","","","","","","","","","","","","","","","","","",""
"","","","","","","","","","","","","","","","","","","",""
"","","","","","","","","","","","","","","","","","","",""
"","","","","","","","","","","","","","","","","","","",""
"","","","","","","","","","","","","","","","","","","",""
"","","","","","","","","","","","","","","","","","","",""
"","","","","","","","","","","","","","","","","","","",""
"","","","","","","","","","","","","","","","","","","",""
"","","","","","","","","","","","","","","","","","","",""
"","","","","","","","","","","","","","","","","","","",""
"","","","","","","","","","","","","","","","","","","",""
"","","","","","","","","","","","","","","","","","","",""
"","","","","","","","","","","","","","","","","","","",""
"","","","","","","","","","","","","","","","","","","",""
"","","","","","","","","","","","","","","","","","","",""
"","","","","","","","","","","","","","","","","","","",""
"","","","","","","","","","","","","","","","","","","",""
"","","","","","","","","","","","","","","","","","","",""
"","","","","","","","","","","","","","","","","","","",""
"","","","","","","","","","","","","","","","","","","",""
"","","","","","","","","","","","","","","","","","","",""
"","","","","","","","","","","","","","","","","","","",""
"","","","","","","","","","","","","","","","","","","",""
"","","","","","","","","","","","","","","","","","","",""
"","","","","","","","","","","","","","","","","","","",""
"","","","","","","","","","","","","","","","","","","",""
"","","","","","","","","","","","","","","","","","","",""
"","","","","","","","","","","","","","","","","","","",""
"","","","","","","","","","","","","","","","","","","",""
"","","","","","","","","","","","","","","","","","","",""
"","","","","","","","","","","","","","","","","","","",""
"","","","","","","","","","","","","","","","","","","",""
"","","","","","","","","","","","","","","","","","","",""
"","","","","","","","","","","","","","","","","","","",""
"","","","","","","","","","","","","","","","","","","",""
"","","","","","","","","","","","","","","","","","","",""
"","","","","","","","","","","","","","","","","","","",""
"","","","","","","","","","","","","","","","","","","",""
"","","","","","","","","","","","","","","","","","","",""
"","","","","","","","","","","","","","","","","","","",""
"","","","","","","","","","","","","","","","","","","",""
"","","","","","","","","","","","","","","","","","","",""
"","","","","","","","","","","","","","","","","","","",""
"","","","","","","","","","","","","","","","","","","",""
"","","","","","","","","","","","","","","","","","","",""
"","","","","","","","","","","","","","","","","","","",""
"","","","","","","","","","","","","","","","","","","",""
"","","","","","","","","","","","","","","","","","","",""
"","","","","","","","","","","","","","","","","","","",""
"","","","","","","","","","","","","","","","","","","",""
"","","","","","","","","","","","","","","","","","","",""
"","","","","","","","","","","","","","","","","","","",""
"","","","","","","","","","","","","","","","","","","",""
"","","","","","","","","","","","","","","","","","","",""
"","","","","","","","","","","","","","","","","","","",""
"","","","","","","","","","","","","","","","","","","",""
"","","","","","","","","","","","","","","","","","","",""
"","","","","","","","","","","","","","","","","","","",""
"","","","","","","","","","","","","","","","","","","",""
"","","","","","","","","","","","","","","","","","","",""
"","","","","","","","","","","","","","","","","","","",""
"","","","","","","","","","","","","","","","","","","",""
"","","","","","","","","","","","","","","","","","","",""
"","","","","","","","","","","","","","","","","","","",""
"","","","","","","","","","","","","","","","","","","",""
"","","","","","","","","","","","","","","","","","","",""
"","","","","","","","","","","","","","","","","","","",""
"","","","","","","","","","","","","","","","","","","",""
"","","","","","","","","","","","","","","","","","","",""
"","","","","","","","","","","","","","","","","","","",""
"","","","","","","","","","","","","","","","","","","",""
"","","","","","","","","","","","","","","","","","","",""
"","","","","","","","","","","","","","","","","","","",""
"","","","","","","","","","","","","","","","","","","",""
"","","","","","","","","","","","","","","","","","","",""
"","","","","","","","","","","","","","","","","","","",""
"","","","","","","","","","","","","","","","","","","",""
"","","","","","","","","","","","","","","","","","","",""
"","","","","","","","","","","","","","","","","","","",""
"","","","","","","","","","","","","","","","","","","",""
"","","","","","","","","","","","","","","","","","","",""
"","","","","","","","","","","","","","","","","","","",""
"","","","","","","","","","","","","","","","","","","",""
"","","","","","","","","","","","","","","","","","","",""
"","","","","","","","","","","","","","","","","","","",""
"","","","","","","","","","","","","","","","","","","",""
"","","","","","","","","","","","","","","","","","","",""
"","","","","","","","","","","","","","","","","","","",""
"","","","","","","","","","","","","","","","","","","",""
"","","","","","","","","","","","","","","","","","","",""
"","","","","","","","","","","","","","","","","","","",""
"","","","","","","","","","","","","","","","","","","",""
"","","","","","","","","","","","","","","","","","","",""
"","","","","","","","","","","","","","","","","","","",""
"","","","","","","","","","","","","","","","","","","",""
"","","","","","","","","","","","","","","","","","","",""
"","","","","","","","","","","","","","","","","","","",""
"","","","","","","","","","","","","","","","","","","",""
"","","","","","","","","","","","","","","","","","","",""
"","","","","","","","","","","","","","","","","","","",""
"","","","","","","","","","","","","","","","","","","",""
"","","","","","","","","","","","","","","","","","","",""
"","","","","","","","","","","","","","","","","","","",""
"","","","","","","","","","","","","","","","","","","",""
"","","","","","","","","","","","","","","","","","","",""
"","","","","","","","","","","","","","","","","","","",""
"","","","","","","","","","","","","","","","","","","",""
"","","","","","","","","","","","","","","","","","","",""
"","","","","","","","","","","","","","","","","","","",""
"","","","","","","","","","","","","","","","","","","",""
"","","","","","","","","","","","","","","","","","","",""
"","","","","","","","","","","","","","","","","","","",""
"","","","","","","","","","","","","","","","","","","",""
"","","","","","","","","","","","","","","","","","","",""
"","","","","","","","","","","","","","","","","","","",""
"","","","","","","","","","","","","","","","","","","",""
"","","","","","","","","","","","","","","","","","","",""
"","","","","","","","","","","","","","","","","","","",""
"","","","","","","","","","","","","","","","","","","",""
"","","","","","","","","","","","","","","","","","","",""
"","","","","","","","","","","","","","","","","","","",""
"","","","","","","","","","","","","","","","","","","",""
"","","","","","","","","","","","","","","","","","","",""
"","","","","","","","","","","","","","","","","","","",""
"","","","","","","","","","","","","","","","","","","",""
"","","","","","","","","","","","","","","","","","","",""
"","","","","","","","","","","","","","","","","","","",""
"","","","","","","","","","","","","","","","","","","",""
"","","","","","","","","","","","","","","","","","","",""
"","","","","","","","","","","","","","","","","","","",""
"","","","","","","","","","","","","","","","","","","",""
"","","","","","","","","","","","","","","","","","","",""
"","","","","","","","","","","","","","","","","","","",""
"","","","","","","","","","","","","","","","","","","",""
"","","","","","","","","","","","","","","","","","","",""
"","","","","","","","","","","","","","","","","","","",""
"","","","","","","","","","","","","","","","","","","",""
"","","","","","","","","","","","","","","","","","","",""
"","","","","","","","","","","","","","","","","","","",""
"","","","","","","","","","","","","","","","","","","",""
"","","","","","","","","","","","","","","","","","","",""
"","","","","","","","","","","","","","","","","","","",""
"","","","","","","","","","","","","","","","","","","",""
"","","","","","","","","","","","","","","","","","","",""
"","","","","","","","","","","","","","","","","","","",""
"","","","","","","","","","","","","","","","","","","",""
"","","","","","","","","","","","","","","","","","","",""
"","","","","","","","","","","","","","","","","","","",""
"","","","","","","","","","","","","","","","","","","",""
"","","","","","","","","","","","","","","","","","","",""
"","","","","","","","","","","","","","","","","","","",""
"","","","","","","","","","","","","","","","","","","",""
"","","","","","","","","","","","","","","","","","","",""
"","","","","","","","","","","","","","","","","","","",""
"","","","","","","","","","","","","","","","","","","",""
"","","","","","","","","","","","","","","","","","","",""
"","","","","","","","","","","","","","","","","","","",""
"","","","","","","","","","","","","","","","","","","",""
"","","","","","","","","","","","","","","","","","","",""
"","","","","","","","","","","","","","","","","","","",""
"","","","","","","","","","","","","","","","","","","",""
"","","","","","","","","","","","","","","","","","","",""
"","","","","","","","","","","","","","","","","","","",""
"","","","","","","","","","","","","","","","","","","",""
"","","","","","","","","","","","","","","","","","","",""
"","","","","","","","","","","","","","","","","","","",""
"","","","","","","","","","","","","","","","","","","",""
"","","","","","","","","","","","","","","","","","","",""
"","","","","","","","","","","","","","","","","","","",""
"","","","","","","","","","","","","","","","","","","",""
"","","","","","","","","","","","","","","","","","","",""
"","","","","","","","","","","","","","","","","","","",""
"","","","","","","","","","","","","","","","","","","",""
"","","","","","","","","","","","","","","","","","","",""
"","","","","","","","","","","","","","","","","","","",""
"","","","","","","","","","","","","","","","","","","",""
"","","","","","","","","","","","","","","","","","","",""
"","","","","","","","","","","","","","","","","","","",""
"","","","","","","","","","","","","","","","","","","",""
"","","","","","","","","","","","","","","","","","","",""
"","","","","","","","","","","","","","","","","","","",""
"","","","","","","","","","","","","","","","","","","",""
"","","","","","","","","","","","","","","","","","","",""
"","","","","","","","","","","","","","","","","","","",""
"","","","","","","","","","","","","","","","","","","",""
"","","","","","","","","","","","","","","","","","","",""
"","","","","","","","","","","","","","","","","","","",""
"","","","","","","","","","","","","","","","","","","",""
"","","","","","","","","","","","","","","","","","","",""
"","","","","","","","","","","","","","","","","","","",""
"","","","","","","","","","","","","","","","","","","",""
"","","","","","","","","","","","","","","","","","","",""
"","","","","","","","","","","","","","","","","","","",""
"","","","","","","","","","","","","","","","","","","",""
"","","","","","","","","","","","","","","","","","","",""
"","","","","","","","","","","","","","","","","","","",""
"","","","","","","","","","","","","","","","","","","",""
"","","","","","","","","","","","","","","","","","","",""
"","","","","","","","","","","","","","","","","","","",""
"","","","","","","","","","","","","","","","","","","",""
"","","","","","","","","","","","","","","","","","","",""
"","","","","","","","","","","","","","","","","","","",""
"","","","","","","","","","","","","","","","","","","",""
"","","","","","","","","","","","","","","","","","","",""
"","","","","","","","","","","","","","","","","","","",""
"","","","","","","","","","","","","","","","","","","",""
"","","","","","","","","","","","","","","","","","","",""
"","","","","","","","","","","","","","","","","","","",""
"","","","","","","","","","","","","","","","","","","",""
"","","","","","","","","","","","","","","","","","","",""
"","","","","","","","","","","","","","","","","","","",""
"","","","","","","","","","","","","","","","","","","",""
"","","","","","","","","","","","","","","","","","","",""
"","","","","","","","","","","","","","","","","","","",""
"","","","","","","","","","","","","","","","","","","",""
"","","","","","","","","","","","","","","","","","","",""
"","","","","","","","","","","","","","","","","","","",""
"","","","","","","","","","","","","","","","","","","",""
"","","","","","","","","","","","","","","","","","","",""
"","","","","","","","","","","","","","","","","","","",""
"","","","","","","","","","","","","","","","","","","",""
"","","","","","","","","","","","","","","","","","","",""
"","","","","","","","","","","","","","","","","","","",""
"","","","","","","","","","","","","","","","","","","",""
"","","","","","","","","","","","","","","","","","","",""
"","","","","","","","","","","","","","","","","","","",""
"","","","","","","","","","","","","","","","","","","",""
"","","","","","","","","","","","","","","","","","","",""
"","","","","","","","","","","","","","","","","","","",""
"","","","","","","","","","","","","","","","","","","",""
"","","","","","","","","","","","","","","","","","","",""
"","","","","","","","","","","","","","","","","","","",""
"","","","","","","","","","","","","","","","","","","",""
"","","","","","","","","","","","","","","","","","","",""
"","","","","","","","","","","","","","","","","","","",""
"","","","","","","","","","","","","","","","","","","",""
"","","","","","","","","","","","","","","","","","","",""
"","","","","","","","","","","","","","","","","","","",""
"","","","","","","","","","","","","","","","","","","",""
"","","","","","","","","","","","","","","","","","","",""
"","","","","","","","","","","","","","","","","","","",""
"","","","","","","","","","","","","","","","","","","",""
"","","","","","","","","","","","","","","","","","","",""
"","","","","","","","","","","","","","","","","","","",""
"","","","","","","","","","","","","","","","","","","",""
"","","","","","","","","","","","","","","","","","","",""
"","","","","","","","","","","","","","","","","","","",""
"","","","","","","","","","","","","","","","","","","",""
"","","","","","","","","","","","","","","","","","","",""
"","","","","","","","","","","","","","","","","","","",""
"","","","","","","","","","","","","","","","","","","",""
"","","","","","","","","","","","","","","","","","","",""
"","","","","","","","","","","","","","","","","","","",""
"","","","","","","","","","","","","","","","","","","",""
"","","","","","","","","","","","","","","","","","","",""
"","","","","","","","","","","","","","","","","","","",""
"","","","","","","","","","","","","","","","","","","",""
"","","","","","","","","","","","","","","","","","","",""
"","","","","","","","","","","","","","","","","","","",""
"","","","","","","","","","","","","","","","","","","",""
"","","","","","","","","","","","","","","","","","","",""
"","","","","","","","","","","","","","","","","","","",""
"","","","","","","","","","","","","","","","","","","",""
"","","","","","","","","","","","","","","","","","","",""
"","","","","","","","","","","","","","","","","","","",""
"","","","","","","","","","","","","","","","","","","",""
"","","","","","","","","","","","","","","","","","","",""
"","","","","","","","","","","","","","","","","","","",""
"","","","","","","","","","","","","","","","","","","",""
"","","","","","","","","","","","","","","","","","","",""
"","","","","","","","","","","","","","","","","","","",""
"","","","","","","","","","","","","","","","","","","",""
"","","","","","","","","","","","","","","","","","","",""
"","","","","","","","","","","","","","","","","","","",""
"","","","","","","","","","","","","","","","","","","",""
"","","","","","","","","","","","","","","","","","","",""
"","","","","","","","","","","","","","","","","","","",""
"","","","","","","","","","","","","","","","","","","",""
"","","","","","","","","","","","","","","","","","","",""
"","","","","","","","","","","","","","","","","","","",""
"","","","","","","","","","","","","","","","","","","",""
"","","","","","","","","","","","","","","","","","","",""
"","","","","","","","","","","","","","","","","","","",""
"","","","","","","","","","","","","","","","","","","",""
"","","","","","","","","","","","","","","","","","","",""
"","","","","","","","","","","","","","","","","","","",""
"","","","","","","","","","","","","","","","","","","",""
"","","","","","","","","","","","","","","","","","","",""
"","","","","","","","","","","","","","","","","","","",""
"","","","","","","","","","","","","","","","","","","",""
"","","","","","","","","","","","","","","","","","","",""
"","","","","","","","","","","","","","","","","","","",""
"","","","","","","","","","","","","","","","","","","",""
"","","","","","","","","","","","","","","","","","","",""
"","","","","","","","","","","","","","","","","","","",""
"","","","","","","","","","","","","","","","","","","",""
"","","","","","","","","","","","","","","","","","","",""
"","","","","","","","","","","","","","","","","","","",""
"","","","","","","","","","","","","","","","","","","",""
"","","","","","","","","","","","","","","","","","","",""
"","","","","","","","","","","","","","","","","","","",""
"","","","","","","","","","","","","","","","","","","",""
"","","","","","","","","","","","","","","","","","","",""
"","","","","","","","","","","","","","","","","","","",""
"","","","","","","","","","","","","","","","","","","",""
"","","","","","","","","","","","","","","","","","","",""
"","","","","","","","","","","","","","","","","","","",""
"","","","","","","","","","","","","","","","","","","",""
"","","","","","","","","","","","","","","","","","","",""
"","","","","","","","","","","","","","","","","","","",""
"","","","","","","","","","","","","","","","","","","",""
"","","","","","","","","","","","","","","","","","","",""
"","","","","","","","","","","","","","","","","","","",""
"","","","","","","","","","","","","","","","","","","",""
"","","","","","","","","","","","","","","","","","","",""
"","","","","","","","","","","","","","","","","","","",""
"","","","","","","","","","","","","","","","","","","",""
"","","","","","","","","","","","","","","","","","","",""
"","","","","","","","","","","","","","","","","","","",""
"","","","","","","","","","","","","","","","","","","",""
"","","","","","","","","","","","","","","","","","","",""
"","","","","","","","","","","","","","","","","","","",""
"","","","","","","","","","","","","","","","","","","",""
"","","","","","","","","","","","","","","","","","","",""
"","","","","","","","","","","","","","","","","","","",""
"","","","","","","","","","","","","","","","","","","",""
"","","","","","","","","","","","","","","","","","","",""
"","","","","","","","","","","","","","","","","","","",""
"","","","","","","","","","","","","","","","","","","",""
"","","","","","","","","","","","","","","","","","","",""
"","","","","","","","","","","","","","","","","","","",""
"","","","","","","","","","","","","","","","","","","",""
"","","","","","","","","","","","","","","","","","","",""
"","","","","","","","","","","","","","","","","","","",""
"","","","","","","","","","","","","","","","","","","",""
"","","","","","","","","","","","","","","","","","","",""
"","","","","","","","","","","","","","","","","","","",""
"","","","","","","","","","","","","","","","","","","",""
"","","","","","","","","","","","","","","","","","","",""
"","","","","","","","","","","","","","","","","","","",""
"","","","","","","","","","","","","","","","","","","",""
"","","","","","","","","","","","","","","","","","","",""
"","","","","","","","","","","","","","","","","","","",""
"","","","","","","","","","","","","","","","","","","",""
"","","","","","","","","","","","","","","","","","","",""
"","","","","","","","","","","","","","","","","","","",""
"","","","","","","","","","","","","","","","","","","",""
"","","","","","","","","","","","","","","","","","","",""
"","","","","","","","","","","","","","","","","","","",""
"","","","","","","","","","","","","","","","","","","",""
"","","","","","","","","","","","","","","","","","","",""
"","","","","","","","","","","","","","","","","","","",""
"","","","","","","","","","","","","","","","","","","",""
"","","","","","","","","","","","","","","","","","","",""
"","","","","","","","","","","","","","","","","","","",""
"","","","","","","","","","","","","","","","","","","",""
"","","","","","","","","","","","","","","","","","","",""
"","","","","","","","","","","","","","","","","","","",""
"","","","","","","","","","","","","","","","","","","",""
"","","","","","","","","","","","","","","","","","","",""
"","","","","","","","","","","","","","","","","","","",""
"","","","","","","","","","","","","","","","","","","",""
"","","","","","","","","","","","","","","","","","","",""
"","","","","","","","","","","","","","","","","","","",""
"","","","","","","","","","","","","","","","","","","",""
"","","","","","","","","","","","","","","","","","","",""
"","","","","","","","","","","","","","","","","","","",""
"","","","","","","","","","","","","","","","","","","",""
"","","","","","","","","","","","","","","","","","","",""
"","","","","","","","","","","","","","","","","","","",""
"","","","","","","","","","","","","","","","","","","",""
"","","","","","","","","","","","","","","","","","","",""
"","","","","","","","","","","","","","","","","","","",""
"","","","","","","","","","","","","","","","","","","",""
"","","","","","","","","","","","","","","","","","","",""
"","","","","","","","","","","","","","","","","","","",""
"","","","","","","","","","","","","","","","","","","",""
"","","","","","","","","","","","","","","","","","","",""
"","","","","","","","","","","","","","","","","","","",""
"","","","","","","","","","","","","","","","","","","",""
"","","","","","","","","","","","","","","","","","","",""
"","","","","","","","","","","","","","","","","","","",""
"","","","","","","","","","","","","","","","","","","",""
"","","","","","","","","","","","","","","","","","","",""
"","","","","","","","","","","","","","","","","","","",""
"","","","","","","","","","","","","","","","","","","",""
"","","","","","","","","","","","","","","","","","","",""
"","","","","","","","","","","","","","","","","","","",""
"","","","","","","","","","","","","","","","","","","",""
"","","","","","","","","","","","","","","","","","","",""
"","","","","","","","","","","","","","","","","","","",""
"","","","","","","","","","","","","","","","","","","",""
"","","","","","","","","","","","","","","","","","","",""
"","","","","","","","","","","","","","","","","","","",""
"","","","","","","","","","","","","","","","","","","",""
"","","","","","","","","","","","","","","","","","","",""
"","","","","","","","","","","","","","","","","","","",""
"","","","","","","","","","","","","","","","","","","",""
"","","","","","","","","","","","","","","","","","","",""
"","","","","","","","","","","","","","","","","","","",""
"","","","","","","","","","","","","","","","","","","",""
"","","","","","","","","","","","","","","","","","","",""
"","","","","","","","","","","","","","","","","","","",""
"","","","","","","","","","","","","","","","","","","",""
"","","","","","","","","","","","","","","","","","","",""
"","","","","","","","","","","","","","","","","","","",""
"","","","","","","","","","","","","","","","","","","",""
"","","","","","","","","","","","","","","","","","","",""
"","","","","","","","","","","","","","","","","","","",""
"","","","","","","","","","","","","","","","","","","",""
"","","","","","","","","","","","","","","","","","","",""
"","","","","","","","","","","","","","","","","","","",""
"","","","","","","","","","","","","","","","","","","",""
"","","","","","","","","","","","","","","","","","","",""
"","","","","","","","","","","","","","","","","","","",""
"","","","","","","","","","","","","","","","","","","",""
"","","","","","","","","","","","","","","","","","","",""
"","","","","","","","","","","","","","","","","","","",""
"","","","","","","","","","","","","","","","","","","",""
"","","","","","","","","","","","","","","","","","","",""
"","","","","","","","","","","","","","","","","","","",""
"","","","","","","","","","","","","","","","","","","",""
"","","","","","","","","","","","","","","","","","","",""
"","","","","","","","","","","","","","","","","","","",""
"","","","","","","","","","","","","","","","","","","",""
"","","","","","","","","","","","","","","","","","","",""
"","","","","","","","","","","","","","","","","","","",""
"","","","","","","","","","","","","","","","","","","",""
"","","","","","","","","","","","","","","","","","","",""
"","","","","","","","","","","","","","","","","","","",""
"","","","","","","","","","","","","","","","","","","",""
"","","","","","","","","","","","","","","","","","","",""
"","","","","","","","","","","","","","","","","","","",""
"","","","","","","","","","","","","","","","","","","",""
"","","","","","","","","","","","","","","","","","","",""
"","","","","","","","","","","","","","","","","","","",""
"","","","","","","","","","","","","","","","","","","",""
"","","","","","","","","","","","","","","","","","","",""
"","","","","","","","","","","","","","","","","","","",""
"","","","","","","","","","","","","","","","","","","",""
"","","","","","","","","","","","","","","","","","","",""
"","","","","","","","","","","","","","","","","","","",""
"","","","","","","","","","","","","","","","","","","",""
"","","","","","","","","","","","","","","","","","","",""
"","","","","","","","","","","","","","","","","","","",""
"","","","","","","","","","","","","","","","","","","",""
"","","","","","","","","","","","","","","","","","","",""
"","","","","","","","","","","","","","","","","","","",""
"","","","","","","","","","","","","","","","","","","",""
"","","","","","","","","","","","","","","","","","","",""
"","","","","","","","","","","","","","","","","","","",""
"","","","","","","","","","","","","","","","","","","",""
"","","","","","","","","","","","","","","","","","","",""
"","","","","","","","","","","","","","","","","","","",""
"","","","","","","","","","","","","","","","","","","",""
"","","","","","","","","","","","","","","","","","","",""
"","","","","","","","","","","","","","","","","","","",""
"","","","","","","","","","","","","","","","","","","",""
"","","","","","","","","","","","","","","","","","","",""
"","","","","","","","","","","","","","","","","","","",""
"","","","","","","","","","","","","","","","","","","",""
"","","","","","","","","","","","","","","","","","","",""
"","","","","","","","","","","","","","","","","","","",""
"","","","","","","","","","","","","","","","","","","",""
"","","","","","","","","","","","","","","","","","","",""
"","","","","","","","","","","","","","","","","","","",""
"","","","","","","","","","","","","","","","","","","",""
"","","","","","","","","","","","","","","","","","","",""
"","","","","","","","","","","","","","","","","","","",""
"","","","","","","","","","","","","","","","","","","",""
"","","","","","","","","","","","","","","","","","","",""
"","","","","","","","","","","","","","","","","","","",""
"","","","","","","","","","","","","","","","","","","",""
"","","","","","","","","","","","","","","","","","","",""
"","","","","","","","","","","","","","","","","","","",""
"","","","","","","","","","","","","","","","","","","",""
"","","","","","","","","","","","","","","","","","","",""
"","","","","","","","","","","","","","","","5280","5280","","5280","5280"
"","","","","","","","","","","","","","","","5290","5290","","5290","5290"
"","","","","","","","","","","","","","","","5300","5300","","5300","5300"
"","","","","","","","","","","","","","","","5310","5310","","5310","5310"
"","","","","","","","","","","","","","","","5320","5320","","5320","5320"
"","","","","","","","","","","","","","","","5330","5330","","5330","5330"
"","","","","","","","","","","","","","","","5340","5340","","5340","5340"
"","","","","","","","","","","","","","","","5350","5350","","5350","5350"
"","","","","","","","","","","","","","","","5360","5360","","5360","5360"
"","","","","","","","","","","","","","","","5370","5370","","5370","5370"
"","","","","","","","","","","","","","","","5380","5380","","5380","5380"
"","","","","","","","","","","","","","","","5390","5390","","5390","5390"
"","","","","","","","","","","","","","","","5400","5400","","5400","5400"
"","","","","","","","","","","","","","","","5410","5410","","5410","5410"
"","","","","","","","","","","","","","","","5420","5420","","5420","5420"
"","","","","","","","","","","","","","","","5430","5430","","5430","5430"
"","","","","","","","","","","","","","","","5440","5440","","5440","5440"
"","","","","","","","","","","","","","","","5450","5450","","5450","5450"
"","","","","","","","","","","","","","","","5460","5460","","5460","5460"
"","","","","","","","","","","","","","","","5470","5470","","5470","5470"
"","","","","","","","","","","","","","","","5480","5480","","5480","5480"
"","","","","","","","","","","","","","","","5490","5490","","5490","5490"
"","","","","","","","","","","","","","","","5500","5500","","5500","5500"
"","","","","","","","","","","","","","","","5510","5510","","5510","5510"
"","","","","","","","","","","","","","","","5520","5520","","5520","5520"
"","","","","","","","","","","","","","","","5530","5530","","5530","5530"
"","","","","","","","","","","","","","","","5540","5540","","5540","5540"
"","","","","","","","","","","","","","","","5550","5550","","5550","5550"
"","","","","","","","","","","","","","","","5560","5560","","5560","5560"
"","","","","","","","","","","","","","","","5570","5570","","5570","5570"
"","","","","","","","","","","","","","","","5580","5580","","5580","5580"
"","","","","","","","","","","","","","","","5590","5590","","5590","5590"
"","","","","","","","","","","","","","","","5600","5600","","5600","5600"
"","","","","","","","","","","","","","","","5610","5610","","5610","5610"
"","","","","","","","","","","","","","","","5620","5620","","5620","5620"
"","","","","","","","","","","","","","","","5630","5630","","5630","5630"
"","","","","","","","","","","","","","","","5640","5640","","5640","5640"
"","","","","","","","","","","","","","","","5650","5650","","5650","5650"
"","","","","","","","","","","","","","","","5660","5660","","5660","5660"
"","","","","","","","","","","","","","","","5670","5670","","5670","5670"
"","","","","","","","","","","","","","","","5680","5680","","5680","5680"
"","","","","","","","","","","","","","","","5690","5690","","5690","5690"
"","","","","","","","","","","","","","","","5700","5700","","5700","5700"
"","","","","","","","","","","","","","","","5710","5710","","5710","5710"
"","","","","","","","","","","","","","","","5720","5720","","5720","5720"
"","","","","","","","","","","","","","","","5730","5730","","5730","5730"
"","","","","","","","","","","","","","","","5740","5740","","5740","5740"
"","","","","","","","","","","","","","","","5750","5750","","5750","5750"
"","","","","","","","","","","","","","","","5760","5760","","5760","5760"
"","","","","","","","","","","","","","","","5770","5770","","5770","5770"
"","","","","","","","","","","","","","","","5780","5780","","5780","5780"
"","","","","","","","","","","","","","","","5790","5790","","5790","5790"
"","","","","","","","","","","","","","","","5800","5800","","5800","5800"
"","","","","","","","","","","","","","","","5810","5810","","5810","5810"
"","","","","","","","","","","","","","","","5820","5820","","5820","5820"
"","","","","","","","","","","","","","","","5830","5830","","5830","5830"
"","","","","","","","","","","","","","","","5840","5840","","5840","5840"
"","","","","","","","","","","","","","","","5850","5850","","5850","5850"
"","","","","","","","","","","","","","","","5860","5860","","5860","5860"
"","","","","","","","","","","","","","","","5870","5870","","5870","5870"
"","","","","","","","","","","","","","","","5880","5880","","5880","5880"
"","","","","","","","","","","","","","","","5890","5890","","5890","5890"
"","","","","","","","","","","","","","","","5900","5900","","5900","5900"
"","","","","","","","","","","","","","","","5910","5910","","5910","5910"
"","","","","","","","","","","","","","","","5920","5920","","5920","5920"
"","","","","","","","","","","","","","","","5930","5930","","5930","5930"
"","","","","","","","","","","","","","","","5940","5940","","5940","5940"
"","","","","","","","","","","","","","","","5950","5950","","5950","5950"
"","","","","","","","","","","","","","","","5960","5960","","5960","5960"
"","","","","","","","","","","","","","","","5970","5970","","5970","5970"
"","","","","","","","","","","","","","","","5980","5980","","5980","5980"
"","","","","","","","","","","","","","","","5990","5990","","5990","5990"
"","","","","","","","","","","","","","","","6000","6000","","6000","6000"
"","","","","","","","","","","","","","","","6010","6010","","6010","6010"
"","","","","","","","","","","","","","","","6020","6020","","6020","6020"
"","","","","","","","","","","","","","","","6030","6030","","6030","6030"
"","","","","","","","","","","","","","","","6040","6040","","6040","6040"
"","","","","","","","","","","","","","","","6050","6050","","6050","6050"
"","","","","","","","","","","","","","","","6060","6060","","6060","6060"
"","","","","","","","","","","","","","","","6070","6070","","6070","6070"
"","","","","","","","","","","","","","","","6080","6080","","6080","6080"
"","","","","","","","","","","","","","","","6090","6090","","6090","6090"
"","","","","","","","","","","","","","","","6100","6100","","6100","6100"
"","","","","","","","","","","","","","","","6110","6110","","6110","6110"
"","","","","","","","","","","","","","","","6120","6120","","6120","6120"
"","","","","","","","","","","","","","","","6130","6130","","6130","6130"
"","","","","","","","","","","","","","","","6140","6140","","6140","6140"
"","","","","","","","","","","","","","","","6150","6150","","6150","6150"
"","","","","","","","","","","","","","","","6160","6160","","6160","6160"
"","","","","","","","","","","","","","","","6170","6170","","6170","6170"
"","","","","","","","","","","","","","","","6180","6180","","6180","6180"
"","","","","","","","","","","","","","","","6190","6190","","6190","6190"
"","","","","","","","","","","","","","","","6200","6200","","6200","6200"
"","","","","","","","","","","","","","","","6210","6210","","6210","6210"
"","","","","","","","","","","","","","","","6220","6220","","6220","6220"
"","","","","","","","","","","","","","","","6230","6230","","6230","6230"
"","","","","","","","","","","","","","","","6240","6240","","6240","6240"
"","","","","","","","","","","","","","","","6250","6250","","6250","6250"
"","","","","","","","","","","","","","","","6260","6260","","6260","6260"
"","","","","","","","","","","","","","","","6270","6270","","6270","6270"
"","","","","","","","","","","","","","","","6280","6280","","6280","6280"
"","","","","","","","","","","","","","","","6290","6290","","6290","6290"
"","","","","","","","","","","","","","","","6300","6300","","6300","6300"
"","","","","","","","","","","","","","","","6310","6310","","6310","6310"
"","","","","","","","","","","","","","","","6320","6320","","6320","6320"
"","","","","","","","","","","","","","","","6330","6330","","6330","6330"
"","","","","","","","","","","","","","","","6340","6340","","6340","6340"
"","","","","","","","","","","","","","","","6350","6350","","6350","6350"
"","","","","","","","","","","","","","","","6360","6360","","6360","6360"
"","","","","","","","","","","","","","","","6370","6370","","6370","6370"
"","","","","","","","","","","","","","","","6380","6380","","6380","6380"
"","","","","","","","","","","","","","","","6390","6390","","6390","6390"
"","","","","","","","","","","","","","","","6400","6400","","6400","6400"
"","","","","","","","","","","","","","","","6410","6410","","6410","6410"
"","","","","","","","","","","","","","","","6420","6420","","6420","6420"
"","","","","","","","","","","","","","","","6430","6430","","6430","6430"
"","","","","","","","","","","","","","","","6440","6440","","6440","6440"
"","","","","","","","","","","","","","","","6450","6450","","6450","6450"
"","","","","","","","","","","","","","","","6460","6460","","6460","6460"
"","","","","","","","","","","","","","","","6470","6470","","6470","6470"
"","","","","","","","","","","","","","","","6480","6480","","6480","6480"
"","","","","","","","","","","","","","","","6490","6490","","6490","6490"
"","","","","","","","","","","","","","","","6500","6500","","6500","6500"
"","","","","","","","","","","","","","","","6510","6510","","6510","6510"
"","","","","","","","","","","","","","","","6520","6520","","6520","6520"
"","","","","","","","","","","","","","","","6530","6530","","6530","6530"
"","","","","","","","","","","","","","","","6540","6540","","6540","6540"
"","","","","","","","","","","","","","","","6550","6550","","6550","6550"
"","","","","","","","","","","","","","","","6560","6560","","6560","6560"
"","","","","","","","","","","","","","","","6570","6570","","6570","6570"
"","","","","","","","","","","","","","","","6580","6580","","6580","6580"
"","","","","","","","","","","","","","","","6590","6590","","6590","6590"
"","","","","","","","","","","","","","","","6600","6600","","6600","6600"
"","","","","","","","","","","","","","","","6610","6610","","6610","6610"
"","","","","","","","","","","","","","","","6620","6620","","6620","6620"
"","","","","","","","","","","","","","","","6630","6630","","6630","6630"
"","","","","","","","","","","","","","","","6640","6640","","6640","6640"
"","","","","","","","","","","","","","","","6650","6650","","6650","6650"
"","","","","","","","","","","","","","","","6660","6660","","6660","6660"
"","","","","","","","","","","","","","","","6670","6670","","6670","6670"
"","","","","","","","","","","","","","","","6680","6680","","6680","6680"
"","","","","","","","","","","","","","","","6690","6690","","6690","6690"
"","","","","","","","","","","","","","","","6700","6700","","6700","6700"
"","","","","","","","","","","","","","","","6710","6710","","6710","6710"
"","","","","","","","","","","","","","","","6720","6720","","6720","6720"
"","","","","","","","","","","","","","","","6730","6730","","6730","6730"
"","","","","","","","","","","","","","","","6740","6740","","6740","6740"
"","","","","","","","","","","","","","","","6750","6750","","6750","6750"
"","","","","","","","","","","","","","","","6760","6760","","6760","6760"
"","","","","","","","","","","","","","","","6770","6770","","6770","6770"
"","","","","","","","","","","","","","","","6780","6780","","6780","6780"
"","","","","","","","","","","","","","","","6790","6790","","6790","6790"
"","","","","","","","","","","","","","","","6800","6800","","6800","6800"
"","","","","","","","","","","","","","","","6810","6810","","6810","6810"
"","","","","","","","","","","","","","","","6820","6820","","6820","6820"
"","","","","","","","","","","","","","","","6830","6830","","6830","6830"
"","","","","","","","","","","","","","","","6840","6840","","6840","6840"
"","","","","","","","","","","","","","","","6850","6850","","6850","6850"
"","","","","","","","","","","","","","","","6860","6860","","6860","6860"
"","","","","","","","","","","","","","","","6870","6870","","6870","6870"
"","","","","","","","","","","","","","","","6880","6880","","6880","6880"
"","","","","","","","","","","","","","","","6890","6890","","6890","6890"
"","","","","","","","","","","","","","","","6900","6900","","6900","6900"
"","","","","","","","","","","","","","","","6910","6910","","6910","6910"
"","","","","","","","","","","","","","","","6920","6920","","6920","6920"
"","","","","","","","","","","","","","","","6930","6930","","6930","6930"
"","","","","","","","","","","","","","","","6940","6940","","6940","6940"
"","","","","","","","","","","","","","","","6950","6950","","6950","6950"
"","","","","","","","","","","","","","","","6960","6960","","6960","6960"
"","","","","","","","","","","","","","","","6970","6970","","6970","6970"
"","","","","","","","","","","","","","","","6980","6980","","6980","6980"
"","","","","","","","","","","","","","","","6990","6990","","6990","6990"
"","","","","","","","","","","","","","","","7000","7000","","7000","7000"
"","","","","","","","","","","","","","","","7010","7010","","7010","7010"
"","","","","","","","","","","","","","","","7020","7020","","7020","7020"
"","","","","","","","","","","","","","","","7030","7030","","7030","7030"
"","","","","","","","","","","","","","","","7040","7040","","7040","7040"
"","","","","","","","","","","","","","","","7050","7050","","7050","7050"
"","","","","","","","","","","","","","","","7060","7060","","7060","7060"
"","","","","","","","","","","","","","","","7070","7070","","7070","7070"
"","","","","","","","","","","","","","","","7080","7080","","7080","7080"
"","","","","","","","","","","","","","","","7090","7090","","7090","7090"
"","","","","","","","","","","","","","","","7100","7100","","7100","7100"
"","","","","","","","","","","","","","","","7110","7110","","7110","7110"
"","","","","","","","","","","","","","","","7120","7120","","7120","7120"
"","","","","","","","","","","","","","","","7130","7130","","7130","7130"
"","","","","","","","","","","","","","","","7140","7140","","7140","7140"
"","","","","","","","","","","","","","","","7150","7150","","7150","7150"
"","","","","","","","","","","","","","","","7160","7160","","7160","7160"
"","","","","","","","","","","","","","","","7170","7170","","7170","7170"
"","","","","","","","","","","","","","","","7180","7180","","7180","7180"
"","","","","","","","","","","","","","","","7190","7190","","7190","7190"
"","","","","","","","","","","","","","","","7200","7200","","7200","7200"
"","","","","","","","","","","","","","","","7210","7210","","7210","7210"
"","","","","","","","","","","","","","","","7220","7220","","7220","7220"
"","","","","","","","","","","","","","","","7230","7230","","7230","7230"
"","","","","","","","","","","","","","","","7240","7240","","7240","7240"
"","","","","","","","","","","","","","","","7250","7250","","7250","7250"
"","","","","","","","","","","","","","","","7260","7260","","7260","7260"
"","","","","","","","","","","","","","","","7270","7270","","7270","7270"
"","","","","","","","","","","","","","","","7280","7280","","7280","7280"
"","","","","","","","","","","","","","","","7290","7290","","7290","7290"
"","","","","","","","","","","","","","","","7300","7300","","7300","7300"
"","","","","","","","","","","","","","","","7310","7310","","7310","7310"
"","","","","","","","","","","","","","","","7320","7320","","7320","7320"
"","","","","","","","","","","","","","","","7330","7330","","7330","7330"
"","","","","","","","","","","","","","","","7340","7340","","7340","7340"
"","","","","","","","","","","","","","","","7350","7350","","7350","7350"
"","","","","","","","","","","","","","","","7360","7360","","7360","7360"
"","","","","","","","","","","","","","","","7370","7370","","7370","7370"
"","","","","","","","","","","","","","","","7380","7380","","7380","7380"
"","","","","","","","","","","","","","","","7390","7390","","7390","7390"
"","","","","","","","","","","","","","","","7400","7400","","7400","7400"
"","","","","","","","","","","","","","","","7410","7410","","7410","7410"
"","","","","","","","","","","","","","","","7420","7420","","7420","7420"
"","","","","","","","","","","","","","","","7430","7430","","7430","7430"
"","","","","","","","","","","","","","","","7440","7440","","7440","7440"
"","","","","","","","","","","","","","","","7450","7450","","7450","7450"
"","","","","","","","","","","","","","","","7460","7460","","7460","7460"
"","","","","","","","","","","","","","","","7470","7470","","7470","7470"
"","","","","","","","","","","","","","","","7480","7480","","7480","7480"
"","","","","","","","","","","","","","","","7490","7490","","7490","7490"
"","","","","","","","","","","","","","","","7500","7500","","7500","7500"
"","","","","","","","","","","","","","","","7510","7510","","7510","7510"
"","","","","","","","","","","","","","","","7520","7520","","7520","7520"
"","","","","","","","","","","","","","","","7530","7530","","7530","7530"
"","","","","","","","","","","","","","","","7540","7540","","7540","7540"
"","","","","","","","","","","","","","","","7550","7550","","7550","7550"
"","","","","","","","","","","","","","","","7560","7560","","7560","7560"
"","","","","","","","","","","","","","","","7570","7570","","7570","7570"
"","","","","","","","","","","","","","","","7580","7580","","7580","7580"
"","","","","","","","","","","","","","","","7590","7590","","7590","7590"
"","","","","","","","","","","","","","","","7600","7600","","7600","7600"
"","","","","","","","","","","","","","","","7610","7610","","7610","7610"
"","","","","","","","","","","","","","","","7620","7620","","7620","7620"
"","","","","","","","","","","","","","","","7630","7630","","7630","7630"
"","","","","","","","","","","","","","","","7640","7640","","7640","7640"
"","","","","","","","","","","","","","","","7650","7650","","7650","7650"
"","","","","","","","","","","","","","","","7660","7660","","7660","7660"
"","","","","","","","","","","","","","","","7670","7670","","7670","7670"
"","","","","","","","","","","","","","","","7680","7680","","7680","7680"
"","","","","","","","","","","","","","","","7690","7690","","7690","7690"
"","","","","","","","","","","","","","","","7700","7700","","7700","7700"
"","","","","","","","","","","","","","","","7710","7710","","7710","7710"
"","","","","","","","","","","","","","","","7720","7720","","7720","7720"
"","","","","","","","","","","","","","","","7730","7730","","7730","7730"
"","","","","","","","","","","","","","","","7740","7740","","7740","7740"
"","","","","","","","","","","","","","","","7750","7750","","7750","7750"
"","","","","","","","","","","","","","","","7760","7760","","7760","7760"
"","","","","","","","","","","","","","","","7770","7770","","7770","7770"
"","","","","","","","","","","","","","","","7780","7780","","7780","7780"
"","","","","","","","","","","","","","","","7790","7790","","7790","7790"
"","","","","","","","","","","","","","","","7800","7800","","7800","7800"
"","","","","","","","","","","","","","","","7810","7810","","7810","7810"
"","","","","","","","","","","","","","","","7820","7820","","7820","7820"
"","","","","","","","","","","","","","","","7830","7830","","7830","7830"
"","","","","","","","","","","","","","","","7840","7840","","7840","7840"
"","","","","","","","","","","","","","","","7850","7850","","7850","7850"
"","","","","","","","","","","","","","","","7860","7860","","7860","7860"
"","","","","","","","","","","","","","","","7870","7870","","7870","7870"
"","","","","","","","","","","","","","","","7880","7880","","7880","7880"
"","","","","","","","","","","","","","","","7890","7890","","7890","7890"
"","","","","","","","","","","","","","","","7900","7900","","7900","7900"
"","","","","","","","","","","","","","","","7910","7910","","7910","7910"
"","","","","","","","","","","","","","","","7920","7920","","7920","7920"
"","","","","","","","","","","","","","","","7930","7930","","7930","7930"
"","","","","","","","","","","","","","","","7940","7940","","7940","7940"
"","","","","","","","","","","","","","","","7950","7950","","7950","7950"
"","","","","","","","","","","","","","","","7960","7960","","7960","7960"
"","","","","","","","","","","","","","","","7970","7970","","7970","7970"
"","","","","","","","","","","","","","","","7980","7980","","7980","7980"
"","","","","","","","","","","","","","","","7990","7990","","7990","7990"
"","","","","","","","","","","","","","","","8000","8000","","8000","8000"
"","","","","","","","","","","","","","","","8010","8010","","8010","8010"
"","","","","","","","","","","","","","","","8020","8020","","8020","8020"
"","","","","","","","","","","","","","","","8030","8030","","8030","8030"
"","","","","","","","","","","","","","","","8040","8040","","8040","8040"
"","","","","","","","","","","","","","","","8050","8050","","8050","8050"
"","","","","","","","","","","","","","","","8060","8060","","8060","8060"
"","","","","","","","","","","","","","","","8070","8070","","8070","8070"
"","","","","","","","","","","","","","","","8080","8080","","8080","8080"
"","","","","","","","","","","","","","","","8090","8090","","8090","8090"
"","","","","","","","","","","","","","","","8100","8100","","8100","8100"
"","","","","","","","","","","","","","","","8110","8110","","8110","8110"
"","","","","","","","","","","","","","","","8120","8120","","8120","8120"
"","","","","","","","","","","","","","","","8130","8130","","8130","8130"
"","","","","","","","","","","","","","","","8140","8140","","8140","8140"
"","","","","","","","","","","","","","","","8150","8150","","8150","8150"
"","","","","","","","","","","","","","","","8160","8160","","8160","8160"
"","","","","","","","","","","","","","","","8170","8170","","8170","8170"
"","","","","","","","","","","","","","","","8180","8180","","8180","8180"
"","","","","","","","","","","","","","","","8190","8190","","8190","8190"
"","","","","","","","","","","","","","","","8200","8200","","8200","8200"
"","","","","","","","","","","","","","","","8210","8210","","8210","8210"
"","","","","","","","","","","","","","","","8220","8220","","8220","8220"
"","","","","","","","","","","","","","","","8230","8230","","8230","8230"
"","","","","","","","","","","","","","","","8240","8240","","8240","8240"
"","","","","","","","","","","","","","","","8250","8250","","8250","8250"
"","","","","","","","","","","","","","","","8260","8260","","8260","8260"
"","","","","","","","","","","","","","","","8270","8270","","8270","8270"
"","","","","","","","","","","","","","","","8280","8280","","8280","8280"
"","","","","","","","","","","","","","","","8290","8290","","8290","8290"
"","","","","","","","","","","","","","","","8300","8300","","8300","8300"
"","","","","","","","","","","","","","","","8310","8310","","8310","8310"
"","","","","","","","","","","","","","","","8320","8320","","8320","8320"
"","","","","","","","","","","","","","","","8330","8330","","8330","8330"
"","","","","","","","","","","","","","","","8340","8340","","8340","8340"
"","","","","","","","","","","","","","","","8350","8350","","8350","8350"
"","","","","","","","","","","","","","","","8360","8360","","8360","8360"
"","","","","","","","","","","","","","","","8370","8370","","8370","8370"
"","","","","","","","","","","","","","","","8380","8380","","8380","8380"
"","","","","","","","","","","","","","","","8390","8390","","8390","8390"
"","","","","","","","","","","","","","","","8400","8400","","8400","8400"
"","","","","","","","","","","","","","","","8410","8410","","8410","8410"
"","","","","","","","","","","","","","","","8420","8420","","8420","8420"
"","","","","","","","","","","","","","","","8430","8430","","8430","8430"
"","","","","","","","","","","","","","","","8440","8440","","8440","8440"
"","","","","","","","","","","","","","","","8450","8450","","8450","8450"
"","","","","","","","","","","","","","","","8460","8460","","8460","8460"
"","","","","","","","","","","","","","","","8470","8470","","8470","8470"
"","","","","","","","","","","","","","","","8480","8480","","8480","8480"
"","","","","","","","","","","","","","","","8490","8490","","8490","8490"
"","","","","","","","","","","","","","","","8500","8500","","8500","8500"
"","","","","","","","","","","","","","","","8510","8510","","8510","8510"
"","","","","","","","","","","","","","","","8520","8520","","8520","8520"
"","","","","","","","","","","","","","","","8530","8530","","8530","8530"
"","","","","","","","","","","","","","","","8540","8540","","8540","8540"
"","","","","","","","","","","","","","","","8550","8550","","8550","8550"
"","","","","","","","","","","","","","","","8560","8560","","8560","8560"
"","","","","","","","","","","","","","","","8570","8570","","8570","8570"
"","","","","","","","","","","","","","","","8580","8580","","8580","8580"
"","","","","","","","","","","","","","","","8590","8590","","8590","8590"
"","","","","","","","","","","","","","","","8600","8600","","8600","8600"
"","","","","","","","","","","","","","","","8610","8610","","8610","8610"
"","","","","","","","","","","","","","","","8620","8620","","8620","8620"
"","","","","","","","","","","","","","","","8630","8630","","8630","8630"
"","","","","","","","","","","","","","","","8640","8640","","8640","8640"
"","","","","","","","","","","","","","","","8650","8650","","8650","8650"
"","","","","","","","","","","","","","","","8660","8660","","8660","8660"
"","","","","","","","","","","","","","","","8670","8670","","8670","8670"
"","","","","","","","","","","","","","","","8680","8680","","8680","8680"
"","","","","","","","","","","","","","","","8690","8690","","8690","8690"
"","","","","","","","","","","","","","","","8700","8700","","8700","8700"
"","","","","","","","","","","","","","","","8710","8710","","8710","8710"
"","","","","","","","","","","","","","","","8720","8720","","8720","8720"
"","","","","","","","","","","","","","","","8730","8730","","8730","8730"
"","","","","","","","","","","","","","","","8740","8740","","8740","8740"
"","","","","","","","","","","","","","","","8750","8750","","8750","8750"
"","","","","","","","","","","","","","","","8760","8760","","8760","8760"
"","","","","","","","","","","","","","","","8770","8770","","8770","8770"
"","","","","","","","","","","","","","","","8780","8780","","8780","8780"
"","","","","","","","","","","","","","","","8790","8790","","8790","8790"
"","","","","","","","","","","","","","","","8800","8800","","8800","8800"
"","","","","","","","","","","","","","","","8810","8810","","8810","8810"
"","","","","","","","","","","","","","","","8820","8820","","8820","8820"
"","","","","","","","","","","","","","","","8830","8830","","8830","8830"
"","","","","","","","","","","","","","","","8840","8840","","8840","8840"
"","","","","","","","","","","","","","","","8850","8850","","8850","8850"
"","","","","","","","","","","","","","","","8860","8860","","8860","8860"
"","","","","","","","","","","","","","","","8870","8870","","8870","8870"
"","","","","","","","","","","","","","","","8880","8880","","8880","8880"
"","","","","","","","","","","","","","","","8890","8890","","8890","8890"
"","","","","","","","","","","","","","","","8900","8900","","8900","8900"
"","","","","","","","","","","","","","","","8910","8910","","8910","8910"
"","","","","","","","","","","","","","","","8920","8920","","8920","8920"
"","","","","","","","","","","","","","","","8930","8930","","8930","8930"
"","","","","","","","","","","","","","","","8940","8940","","8940","8940"
"","","","","","","","","","","","","","","","8950","8950","","8950","8950"
"","","","","","","","","","","","","","","","8960","8960","","8960","8960"
"","","","","","","","","","","","","","","","8970","8970","","8970","8970"
"","","","","","","","","","","","","","","","8980","8980","","8980","8980"
"","","","","","","","","","","","","","","","8990","8990","","8990","8990"
"","","","","","","","","","","","","","","","9000","9000","","9000","9000"
"","","","","","","","","","","","","","","","9010","9010","","9010","9010"
"","","","","","","","","","","","","","","","9020","9020","","9020","9020"
"","","","","","","","","","","","","","","","9030","9030","","9030","9030"
"","","","","","","","","","","","","","","","9040","9040","","9040","9040"
"","","","","","","","","","","","","","","","9050","9050","","9050","9050"
"","","","","","","","","","","","","","","","9060","9060","","9060","9060"
"","","","","","","","","","","","","","","","9070","9070","","9070","9070"
"","","","","","","","","","","","","","","","9080","9080","","9080","9080"
"","","","","","","","","","","","","","","","9090","9090","","9090","9090"
"","","","","","","","","","","","","","","","9100","9100","","9100","9100"
"","","","","","","","","","","","","","","","9110","9110","","9110","9110"
"","","","","","","","","","","","","","","","9120","9120","","9120","9120"
"","","","","","","","","","","","","","","","9130","9130","","9130","9130"
"","","","","","","","","","","","","","","","9140","9140","","9140","9140"
"","","","","","","","","","","","","","","","9150","9150","","9150","9150"
"","","","","","","","","","","","","","","","9160","9160","","9160","9160"
"","","","","","","","","","","","","","","","9170","9170","","9170","9170"
"","","","","","","","","","","","","","","","9180","9180","","9180","9180"
"","","","","","","","","","","","","","","","9190","9190","","9190","9190"
"","","","","","","","","","","","","","","","9200","9200","","9200","9200"
"","","","","","","","","","","","","","","","9210","9210","","9210","9210"
"","","","","","","","","","","","","","","","9220","9220","","9220","9220"
"","","","","","","","","","","","","","","","9230","9230","","9230","9230"
"","","","","","","","","","","","","","","","9240","9240","","9240","9240"
"","","","","","","","","","","","","","","","9250","9250","","9250","9250"
"","","","","","","","","","","","","","","","9260","9260","","9260","9260"
"","","","","","","","","","","","","","","","9270","9270","","9270","9270"
"","","","","","","","","","","","","","","","9280","9280","","9280","9280"
"","","","","","","","","","","","","","","","9290","9290","","9290","9290"
"","","","","","","","","","","","","","","","9300","9300","","9300","9300"
"","","","","","","","","","","","","","","","9310","9310","","9310","9310"
"","","","","","","","","","","","","","","","9320","9320","","9320","9320"
"","","","","","","","","","","","","","","","9330","9330","","9330","9330"
"","","","","","","","","","","","","","","","9340","9340","","9340","9340"
"","","","","","","","","","","","","","","","9350","9350","","9350","9350"
"","","","","","","","","","","","","","","","9360","9360","","9360","9360"
"","","","","","","","","","","","","","","","9370","9370","","9370","9370"
"","","","","","","","","","","","","","","","9380","9380","","9380","9380"
"","","","","","","","","","","","","","","","9390","9390","","9390","9390"
"","","","","","","","","","","","","","","","9400","9400","","9400","9400"
"","","","","","","","","","","","","","","","9410","9410","","9410","9410"
"","","","","","","","","","","","","","","","9420","9420","","9420","9420"
"","","","","","","","","","","","","","","","9430","9430","","9430","9430"
"","","","","","","","","","","","","","","","9440","9440","","9440","9440"
"","","","","","","","","","","","","","","","9450","9450","","9450","9450"
"","","","","","","","","","","","","","","","9460","9460","","9460","9460"
"","","","","","","","","","","","","","","","9470","9470","","9470","9470"
"","","","","","","","","","","","","","","","9480","9480","","9480","9480"
"","","","","","","","","","","","","","","","9490","9490","","9490","9490"
"","","","","","","","","","","","","","","","9500","9500","","9500","9500"
"","","","","","","","","","","","","","","","9510","9510","","9510","9510"
"","","","","","","","","","","","","","","","9520","9520","","9520","9520"
"","","","","","","","","","","","","","","","9530","9530","","9530","9530"
"","","","","","","","","","","","","","","","9540","9540","","9540","9540"
"","","","","","","","","","","","","","","","9550","9550","","9550","9550"
"","","","","","","","","","","","","","","","9560","9560","","9560","9560"
"","","","","","","","","","","","","","","","9570","9570","","9570","9570"
"","","","","","","","","","","","","","","","9580","9580","","9580","9580"
"","","","","","","","","","","","","","","","9590","9590","","9590","9590"
"","","","","","","","","","","","","","","","9600","9600","","9600","9600"
"","","","","","","","","","","","","","","","9610","9610","","9610","9610"
"","","","","","","","","","","","","","","","9620","9620","","9620","9620"
"","","","","","","","","","","","","","","","9630","9630","","9630","9630"
"","","","","","","","","","","","","","","","9640","9640","","9640","9640"
"","","","","","","","","","","","","","","","9650","9650","","9650","9650"
"","","","","","","","","","","","","","","","9660","9660","","9660","9660"
"","","","","","","","","","","","","","","","9670","9670","","9670","9670"
"","","","","","","","","","","","","","","","9680","9680","","9680","9680"
"","","","","","","","","","","","","","","","9690","9690","","9690","9690"
"","","","","","","","","","","","","","","","9700","9700","","9700","9700"
"","","","","","","","","","","","","","","","9710","9710","","9710","9710"
"","","","","","","","","","","","","","","","9720","9720","","9720","9720"
"","","","","","","","","","","","","","","","9730","9730","","9730","9730"
"","","","","","","","","","","","","","","","9740","9740","","9740","9740"
"","","","","","","","","","","","","","","","9750","9750","","9750","9750"
"","","","","","","","","","","","","","","","9760","9760","","9760","9760"
"","","","","","","","","","","","","","","","9770","9770","","9770","9770"
"","","","","","","","","","","","","","","","9780","9780","","9780","9780"
"","","","","","","","","","","","","","","","9790","9790","","9790","9790"
"","","","","","","","","","","","","","","","9800","9800","","9800","9800"
"","","","","","","","","","","","","","","","9810","9810","","9810","9810"
"","","","","","","","","","","","","","","","9820","9820","","9820","9820"
"","","","","","","","","","","","","","","","9830","9830","","9830","9830"
"","","","","","","","","","","","","","","","9840","9840","","9840","9840"
"","","","","","","","","","","","","","","","9850","9850","","9850","9850"
"","","","","","","","","","","","","","","","9860","9860","","9860","9860"
"","","","","","","","","","","","","","","","9870","9870","","9870","9870"
"","","","","","","","","","","","","","","","9880","9880","","9880","9880"
"","","","","","","","","","","","","","","","9890","9890","","9890","9890"
"","","","","","","","","","","","","","","","9900","9900","","9900","9900"
"","","","","","","","","","","","","","","","9910","9910","","9910","9910"
"","","","","","","","","","","","","","","","9920","9920","","9920","9920"
"","","","","","","","","","","","","","","","9930","9930","","9930","9930"
"","","","","","","","","","","","","","","","9940","9940","","9940","9940"
"","","","","","","","","","","","","","","","9950","9950","","9950","9950"
"","","","","","","","","","","","","","","","9960","9960","","9960","9960"
"","","","","","","","","","","","","","","","9970","9970","","9970","9970"
"","","","","","","","","","","","","","","","9980","9980","","9980","9980"
"","","","","","","","","","","","","","","","9990","9990","","9990","9990"
"","","","","","","","","","","","","","","","10000","10000","","10000","10000"
"","","","","","","","","","","","","","","","10000 +","10000 +","","10000 +","10000 +"
